-- MySQL dump 10.13  Distrib 8.0.25, for Win64 (x86_64)
--
-- Host: localhost    Database: productosag
-- ------------------------------------------------------
-- Server version	8.0.25

/*!40101 SET @OLD_CHARACTER_SET_CLIENT=@@CHARACTER_SET_CLIENT */;
/*!40101 SET @OLD_CHARACTER_SET_RESULTS=@@CHARACTER_SET_RESULTS */;
/*!40101 SET @OLD_COLLATION_CONNECTION=@@COLLATION_CONNECTION */;
/*!50503 SET NAMES utf8 */;
/*!40103 SET @OLD_TIME_ZONE=@@TIME_ZONE */;
/*!40103 SET TIME_ZONE='+00:00' */;
/*!40014 SET @OLD_UNIQUE_CHECKS=@@UNIQUE_CHECKS, UNIQUE_CHECKS=0 */;
/*!40014 SET @OLD_FOREIGN_KEY_CHECKS=@@FOREIGN_KEY_CHECKS, FOREIGN_KEY_CHECKS=0 */;
/*!40101 SET @OLD_SQL_MODE=@@SQL_MODE, SQL_MODE='NO_AUTO_VALUE_ON_ZERO' */;
/*!40111 SET @OLD_SQL_NOTES=@@SQL_NOTES, SQL_NOTES=0 */;

--
-- Table structure for table `direccion`
--

DROP TABLE IF EXISTS `direccion`;
/*!40101 SET @saved_cs_client     = @@character_set_client */;
/*!50503 SET character_set_client = utf8mb4 */;
CREATE TABLE `direccion` (
  `DIRECCION_ID` int NOT NULL AUTO_INCREMENT,
  `PROVINCIA` char(100) NOT NULL,
  `CANTON` char(100) NOT NULL,
  `PARROQUIA` char(100) NOT NULL,
  PRIMARY KEY (`DIRECCION_ID`)
) ENGINE=InnoDB AUTO_INCREMENT=1124 DEFAULT CHARSET=utf8mb4 COLLATE=utf8mb4_0900_ai_ci;
/*!40101 SET character_set_client = @saved_cs_client */;

--
-- Dumping data for table `direccion`
--

LOCK TABLES `direccion` WRITE;
/*!40000 ALTER TABLE `direccion` DISABLE KEYS */;
INSERT INTO `direccion` VALUES (1,'AZUAY','CUENCA','CUENCA'),(2,'AZUAY','CUENCA','BAÑOS'),(3,'AZUAY','CUENCA','CUMBE'),(4,'AZUAY','CUENCA','CHAUCHA'),(5,'AZUAY','CUENCA','CHECA (JIDCAY)'),(6,'AZUAY','CUENCA','CHIQUINTAD'),(7,'AZUAY','CUENCA','LLACAO'),(8,'AZUAY','CUENCA','MOLLETURO'),(9,'AZUAY','CUENCA','NULTI'),(10,'AZUAY','CUENCA','OCTAVIO CORDERO PALACIOS (SANTA ROSA)'),(11,'AZUAY','CUENCA','PACCHA'),(12,'AZUAY','CUENCA','QUINGEO'),(13,'AZUAY','CUENCA','RICAURTE'),(14,'AZUAY','CUENCA','SAN JOAQUIN'),(15,'AZUAY','CUENCA','SANTA ANA'),(16,'AZUAY','CUENCA','SAYAUSI'),(17,'AZUAY','CUENCA','SIDCAY'),(18,'AZUAY','CUENCA','SININCAY'),(19,'AZUAY','CUENCA','TARQUI'),(20,'AZUAY','CUENCA','TURI'),(21,'AZUAY','CUENCA','VALLE'),(22,'AZUAY','CUENCA','VICTORIA DEL PORTETE (IRQUIS)'),(23,'AZUAY','GIRON','GIRON'),(24,'AZUAY','GIRON','ASUNCION'),(25,'AZUAY','GIRON','SAN GERARDO'),(26,'AZUAY','GUALACEO','GUALACEO'),(27,'AZUAY','GUALACEO','DANIEL CORDOVA TORAL (EL ORIENTE)'),(28,'AZUAY','GUALACEO','JADAN'),(29,'AZUAY','GUALACEO','MARIANO MORENO'),(30,'AZUAY','GUALACEO','REMIGIO CRESPO TORAL (GULAG)'),(31,'AZUAY','GUALACEO','SAN JUAN'),(32,'AZUAY','GUALACEO','ZHIDMAD'),(33,'AZUAY','GUALACEO','LUIS CORDERO VEGA'),(34,'AZUAY','GUALACEO','SIMON BOLIVAR (CAB. EN GAÑANZOL)'),(35,'AZUAY',' NABON',' NABON'),(36,'AZUAY',' NABON','COCHAPATA'),(37,'AZUAY',' NABON','EL PROGRESO (CAB.EN ZHOTA)'),(38,'AZUAY',' NABON','LAS NIEVES (CHAYA)'),(39,'AZUAY','PAUTE','PAUTE'),(40,'AZUAY','PAUTE','BULAN (JOSE VICTOR IZQUIERDO)'),(41,'AZUAY','PAUTE','CHICAN (GUILLERMO ORTEGA)'),(42,'AZUAY','PAUTE','EL CABO'),(43,'AZUAY','PAUTE','GUARAINAG'),(44,'AZUAY','PAUTE','SAN CRISTOBAL (CARLOS ORDOÑEZ LAZO)'),(45,'AZUAY','PAUTE','TOMEBAMBA'),(46,'AZUAY','PAUTE','DUG DUG'),(47,'AZUAY',' PUCARA',' PUCARA'),(48,'AZUAY',' PUCARA','SAN RAFAEL DE SHARUG'),(49,'AZUAY',' SAN FERNANDO',' SAN FERNANDO'),(50,'AZUAY',' SAN FERNANDO','CHUMBLIN'),(51,'AZUAY',' SANTA ISABEL',' SANTA ISABEL'),(52,'AZUAY',' SANTA ISABEL','ABDON CALDERON  (LA UNION)'),(53,'AZUAY',' SANTA ISABEL','EL CARMEN DE PIJILI'),(54,'AZUAY',' SANTA ISABEL','ZHAGLLI (SHAGLLI)'),(55,'AZUAY',' SIGSIG',' SIGSIG'),(56,'AZUAY',' SIGSIG','CUCHIL (CUTCHIL)'),(57,'AZUAY',' SIGSIG','JIMA (GIMA)'),(58,'AZUAY',' SIGSIG','GUEL'),(59,'AZUAY',' SIGSIG','LUDO'),(60,'AZUAY',' SIGSIG','SAN BARTOLOME'),(61,'AZUAY',' SIGSIG','SAN JOSE DE RARANGA'),(62,'AZUAY',' OÑA','SAN FELIPE DE OÑA'),(63,'AZUAY',' OÑA','SUSUDEL'),(64,'AZUAY','CHORDELEG','CHORDELEG'),(65,'AZUAY','CHORDELEG','PRINCIPAL'),(66,'AZUAY','CHORDELEG','LA UNION'),(67,'AZUAY','CHORDELEG','LUIS GALARZA ORELLANA (CAB.EN DELEGSOL)'),(68,'AZUAY','CHORDELEG','SAN MARTIN DE PUZHIO'),(69,'AZUAY',' EL PAN',' EL PAN'),(70,'AZUAY',' EL PAN','SAN VICENTE'),(71,'AZUAY',' SEVILLA DE ORO',' SEVILLA DE ORO'),(72,'AZUAY',' SEVILLA DE ORO','AMALUZA'),(73,'AZUAY',' SEVILLA DE ORO','PALMAS'),(74,'AZUAY',' GUACHAPALA',' GUACHAPALA'),(75,'AZUAY','CAMILO PONCE ENRIQUEZ','CAMILO PONCE ENRIQUEZ'),(76,'BOLIVAR',' GUARANDA',' GUARANDA'),(77,'BOLIVAR',' GUARANDA','FACUNDO VELA'),(78,'BOLIVAR',' GUARANDA','JULIO E. MORENO (CATANAHUAN GRANDE)'),(79,'BOLIVAR',' GUARANDA','SALINAS'),(80,'BOLIVAR',' GUARANDA','SAN LORENZO'),(81,'BOLIVAR',' GUARANDA','SAN SIMON (YACOTO)'),(82,'BOLIVAR',' GUARANDA','SANTAFE (SANTA FE)'),(83,'BOLIVAR',' GUARANDA','SIMIATUG'),(84,'BOLIVAR',' GUARANDA','SAN LUIS DE PAMBIL'),(85,'BOLIVAR',' CHILLANES',' CHILLANES'),(86,'BOLIVAR',' CHILLANES','SAN JOSE DEL TAMBO (TAMBOPAMBA)'),(87,'BOLIVAR',' CHIMBO','SAN JOSE DE CHIMBO'),(88,'BOLIVAR',' CHIMBO','ASUNCION (ASANCOTO)'),(89,'BOLIVAR',' CHIMBO','MAGDALENA (CHAPACOTO)'),(90,'BOLIVAR',' CHIMBO','SAN SEBASTIAN'),(91,'BOLIVAR',' CHIMBO','TELIMBELA'),(92,'BOLIVAR',' ECHEANDIA',' ECHEANDIA'),(93,'BOLIVAR','SAN MIGUEL','SAN MIGUEL'),(94,'BOLIVAR','SAN MIGUEL','BALSAPAMBA'),(95,'BOLIVAR','SAN MIGUEL','BILOVAN'),(96,'BOLIVAR','SAN MIGUEL','REGULO DE MORA'),(97,'BOLIVAR','SAN MIGUEL','SAN PABLO  (SAN PABLO DE ATENAS)'),(98,'BOLIVAR','SAN MIGUEL','SANTIAGO'),(99,'BOLIVAR','SAN MIGUEL','SAN VICENTE'),(100,'BOLIVAR',' CALUMA',' CALUMA'),(101,'BOLIVAR',' LAS NAVES',' LAS NAVES'),(102,' CAÑAR','AZOGUES','AZOGUES'),(103,' CAÑAR','AZOGUES','COJITAMBO'),(104,' CAÑAR','AZOGUES','GUAPAN'),(105,' CAÑAR','AZOGUES','JAVIER LOYOLA (CHUQUIPATA)'),(106,' CAÑAR','AZOGUES','LUIS CORDERO'),(107,' CAÑAR','AZOGUES','PINDILIG'),(108,' CAÑAR','AZOGUES','RIVERA'),(109,' CAÑAR','AZOGUES','SAN MIGUEL'),(110,' CAÑAR','AZOGUES','TADAY'),(111,' CAÑAR',' BIBLIAN',' BIBLIAN'),(112,' CAÑAR',' BIBLIAN','NAZON (CAB. EN PAMPA DE DOMINGUEZ)'),(113,' CAÑAR',' BIBLIAN','SAN FRANCISCO DE SAGEO'),(114,' CAÑAR',' BIBLIAN','TURUPAMBA'),(115,' CAÑAR',' BIBLIAN','JERUSALEN'),(116,' CAÑAR','CAÑAR','CAÑAR'),(117,' CAÑAR','CAÑAR','CHONTAMARCA'),(118,' CAÑAR','CAÑAR','CHOROCOPTE'),(119,' CAÑAR','CAÑAR','GENERAL MORALES (SOCARTE)'),(120,' CAÑAR','CAÑAR','GUALLETURO'),(121,' CAÑAR','CAÑAR','HONORATO VASQUEZ (TAMBO VIEJO)'),(122,' CAÑAR','CAÑAR','INGAPIRCA'),(123,' CAÑAR','CAÑAR','JUNCAL'),(124,' CAÑAR','CAÑAR','SAN ANTONIO'),(125,' CAÑAR','CAÑAR','ZHUD'),(126,' CAÑAR','CAÑAR','VENTURA'),(127,' CAÑAR','CAÑAR','DUCUR'),(128,' CAÑAR',' LA TRONCAL',' LA TRONCAL'),(129,' CAÑAR',' LA TRONCAL','MANUEL J. CALLE'),(130,' CAÑAR',' LA TRONCAL','PANCHO NEGRO'),(131,' CAÑAR','EL TAMBO','EL TAMBO'),(132,' CAÑAR',' DELEG',' DELEG'),(133,' CAÑAR',' DELEG','SOLANO'),(134,' CAÑAR','SUSCAL','SUSCAL'),(135,'CARCHI',' TULCAN',' TULCAN'),(136,'CARCHI',' TULCAN','EL CARMELO (EL PUN)'),(137,'CARCHI',' TULCAN','JULIO ANDRADE (OREJUELA)'),(138,'CARCHI',' TULCAN','MALDONADO'),(139,'CARCHI',' TULCAN','PIOTER'),(140,'CARCHI',' TULCAN','TOBAR DONOSO (LA BOCANA DE CAMUMBI)'),(141,'CARCHI',' TULCAN','TUFIÑO'),(142,'CARCHI',' TULCAN','URBINA (TAYA)'),(143,'CARCHI',' TULCAN','EL CHICAL'),(144,'CARCHI',' TULCAN','SANTA MARTHA DE CUBA'),(145,'CARCHI',' BOLIVAR',' BOLIVAR'),(146,'CARCHI',' BOLIVAR','GARCIA MORENO'),(147,'CARCHI',' BOLIVAR','LOS ANDES'),(148,'CARCHI',' BOLIVAR','MONTE OLIVO'),(149,'CARCHI',' BOLIVAR','SAN VICENTE DE PUSIR'),(150,'CARCHI',' BOLIVAR','SAN RAFAEL'),(151,'CARCHI',' ESPEJO','EL ANGEL'),(152,'CARCHI',' ESPEJO','EL GOALTAL'),(153,'CARCHI',' ESPEJO','LA LIBERTAD (ALIZO)'),(154,'CARCHI',' ESPEJO','SAN ISIDRO'),(155,'CARCHI',' MIRA','MIRA (CHONTAHUASI)'),(156,'CARCHI',' MIRA','CONCEPCION'),(157,'CARCHI',' MIRA','JIJON Y CAAMAÑO (CAB. EN RIO BLANCO)'),(158,'CARCHI',' MIRA','JUAN MONTALVO (SAN IGNACIO DE QUIL)'),(159,'CARCHI','MONTUFAR','SAN GABRIEL'),(160,'CARCHI','MONTUFAR','CRISTOBAL COLON'),(161,'CARCHI','MONTUFAR','CHITAN DE NAVARRETE'),(162,'CARCHI','MONTUFAR','FERNANDEZ SALVADOR'),(163,'CARCHI','MONTUFAR','LA PAZ'),(164,'CARCHI','MONTUFAR','PIARTAL'),(165,'CARCHI',' SAN PEDRO DE HUACA','HUACA'),(166,'CARCHI',' SAN PEDRO DE HUACA','MARISCAL SUCRE'),(167,' COTOPAXI','LATACUNGA','LATACUNGA'),(168,' COTOPAXI','LATACUNGA','ALAQUES (ALAQUEZ)'),(169,' COTOPAXI','LATACUNGA','BELISARIO QUEVEDO (GUANAILIN)'),(170,' COTOPAXI','LATACUNGA','GUAITACAMA (GUAYTACAMA)'),(171,' COTOPAXI','LATACUNGA','JOSEGUANGO BAJO'),(172,' COTOPAXI','LATACUNGA','MULALO'),(173,' COTOPAXI','LATACUNGA','11 DE NOVIEMBRE (ILINCHISI)'),(174,' COTOPAXI','LATACUNGA','POALO'),(175,' COTOPAXI','LATACUNGA','SAN JUAN DE PASTOCALLE'),(176,' COTOPAXI','LATACUNGA','TANICUCHI'),(177,' COTOPAXI','LATACUNGA','TOACASO'),(178,' COTOPAXI','LA MANA','LA MANA'),(179,' COTOPAXI','LA MANA','GUASAGANDA (CAB.EN GUASAGANDA CENTRO)'),(180,' COTOPAXI','LA MANA','PUCAYACU'),(181,' COTOPAXI','PANGUA','EL CORAZON'),(182,' COTOPAXI','PANGUA','MORASPUNGO'),(183,' COTOPAXI','PANGUA','PINLLOPATA'),(184,' COTOPAXI','PANGUA','RAMON CAMPAÑA'),(185,' COTOPAXI',' PUJILI','PUJILI'),(186,' COTOPAXI',' PUJILI','ANGAMARCA'),(187,' COTOPAXI',' PUJILI','GUANGAJE'),(188,' COTOPAXI',' PUJILI','LA VICTORIA'),(189,' COTOPAXI',' PUJILI','PILALO'),(190,' COTOPAXI',' PUJILI','TINGO'),(191,' COTOPAXI',' PUJILI','ZUMBAHUA'),(192,' COTOPAXI',' SALCEDO','SAN MIGUEL'),(193,' COTOPAXI',' SALCEDO','ANTONIO JOSE HOLGUIN  (SANTA LUCIA)'),(194,' COTOPAXI',' SALCEDO','CUSUBAMBA'),(195,' COTOPAXI',' SALCEDO','MULALILLO'),(196,' COTOPAXI',' SALCEDO','MULLIQUINDIL (SANTA ANA)'),(197,' COTOPAXI',' SALCEDO','PANSALEO'),(198,' COTOPAXI','SAQUISILI','SAQUISILI,'),(199,' COTOPAXI','SAQUISILI','CANCHAGUA'),(200,' COTOPAXI','SAQUISILI','CHANTILIN'),(201,' COTOPAXI','SAQUISILI','COCHAPAMBA'),(202,' COTOPAXI','SIGCHOS','SIGCHOS'),(203,' COTOPAXI','SIGCHOS','CHUGCHILLAN'),(204,' COTOPAXI','SIGCHOS','ISINLIVI'),(205,' COTOPAXI','SIGCHOS','LAS PAMPAS'),(206,' COTOPAXI','SIGCHOS','PALO QUEMADO'),(207,'CHIMBORAZO','RIOBAMBA','RIOBAMBA'),(208,'CHIMBORAZO','RIOBAMBA','CACHA (CAB. EN MACHANGARA)'),(209,'CHIMBORAZO','RIOBAMBA','CALPI'),(210,'CHIMBORAZO','RIOBAMBA','CUBIJIES'),(211,'CHIMBORAZO','RIOBAMBA','FLORES'),(212,'CHIMBORAZO','RIOBAMBA','LICAN'),(213,'CHIMBORAZO','RIOBAMBA','LICTO'),(214,'CHIMBORAZO','RIOBAMBA','PUNGALA'),(215,'CHIMBORAZO','RIOBAMBA','PUNIN'),(216,'CHIMBORAZO','RIOBAMBA','QUIMIAG'),(217,'CHIMBORAZO','RIOBAMBA','SAN JUAN'),(218,'CHIMBORAZO','RIOBAMBA','SAN LUIS'),(219,'CHIMBORAZO','ALAUSI','ALAUSI'),(220,'CHIMBORAZO','ALAUSI','ACHUPALLAS'),(221,'CHIMBORAZO','ALAUSI','GUASUNTOS'),(222,'CHIMBORAZO','ALAUSI','HUIGRA'),(223,'CHIMBORAZO','ALAUSI','MULTITUD'),(224,'CHIMBORAZO','ALAUSI','PISTISHI (NARIZ DEL DIABLO)'),(225,'CHIMBORAZO','ALAUSI','PUMALLACTA'),(226,'CHIMBORAZO','ALAUSI','SEVILLA'),(227,'CHIMBORAZO','ALAUSI','SIBAMBE'),(228,'CHIMBORAZO','ALAUSI','TIXAN'),(229,'CHIMBORAZO',' COLTA','VILLA LA UNION (CAJABAMBA)'),(230,'CHIMBORAZO',' COLTA','CAÑI'),(231,'CHIMBORAZO',' COLTA','COLUMBE'),(232,'CHIMBORAZO',' COLTA','JUAN DE VELASCO (PANGOR)'),(233,'CHIMBORAZO',' COLTA','SANTIAGO DE QUITO (CAB. EN SAN ANTONIO DE QUITO)'),(234,'CHIMBORAZO','CHAMBO','CHAMBO'),(235,'CHIMBORAZO','CHUNCHI','CHUNCHI'),(236,'CHIMBORAZO','CHUNCHI','CAPZOL'),(237,'CHIMBORAZO','CHUNCHI','COMPUD'),(238,'CHIMBORAZO','CHUNCHI','GONZOL'),(239,'CHIMBORAZO','CHUNCHI','LLAGOS'),(240,'CHIMBORAZO','GUAMOTE','GUAMOTE'),(241,'CHIMBORAZO','GUAMOTE','CEBADAS'),(242,'CHIMBORAZO','GUAMOTE','PALMIRA'),(243,'CHIMBORAZO','GUANO','GUANO'),(244,'CHIMBORAZO','GUANO','GUANANDO'),(245,'CHIMBORAZO','GUANO','ILAPO'),(246,'CHIMBORAZO','GUANO','LA PROVIDENCIA'),(247,'CHIMBORAZO','GUANO','SAN ANDRES'),(248,'CHIMBORAZO','GUANO','SAN GERARDO DE PACAICAGUAN'),(249,'CHIMBORAZO','GUANO','SAN ISIDRO DE PATULU'),(250,'CHIMBORAZO','GUANO','SAN JOSE DEL CHAZO'),(251,'CHIMBORAZO','GUANO','SANTA FE DE GALAN'),(252,'CHIMBORAZO','GUANO','VALPARAISO'),(253,'CHIMBORAZO','PALLATANGA','PALLATANGA'),(254,'CHIMBORAZO',' PENIPE','PENIPE'),(255,'CHIMBORAZO',' PENIPE','EL ALTAR'),(256,'CHIMBORAZO',' PENIPE','MATUS'),(257,'CHIMBORAZO',' PENIPE','PUELA'),(258,'CHIMBORAZO',' PENIPE','SAN ANTONIO DE BAYUSHIG'),(259,'CHIMBORAZO',' PENIPE','LA CANDELARIA'),(260,'CHIMBORAZO',' PENIPE','BILBAO (CAB.EN QUILLUYACU)'),(261,'CHIMBORAZO','CUMANDA','CUMANDA'),(262,'EL ORO','MACHALA','MACHALA'),(263,'EL ORO','MACHALA','EL RETIRO'),(264,'EL ORO','ARENILLAS','ARENILLAS'),(265,'EL ORO','ARENILLAS','CHACRAS'),(266,'EL ORO','ARENILLAS','PALMALES'),(267,'EL ORO','ARENILLAS','CARCABON'),(268,'EL ORO','ATAHUALPA','PACCHA'),(269,'EL ORO','ATAHUALPA','AYAPAMBA'),(270,'EL ORO','ATAHUALPA','CORDONCILLO'),(271,'EL ORO','ATAHUALPA','MILAGRO'),(272,'EL ORO','ATAHUALPA','SAN JOSE'),(273,'EL ORO','ATAHUALPA','SAN JUAN DE CERRO AZUL'),(274,'EL ORO','BALSAS','BALSAS'),(275,'EL ORO','BALSAS','BELLAMARIA'),(276,'EL ORO','CHILLA','CHILLA'),(277,'EL ORO','EL GUABO','EL GUABO'),(278,'EL ORO','EL GUABO','BARBONES (SUCRE)'),(279,'EL ORO','EL GUABO','LA IBERIA'),(280,'EL ORO','EL GUABO','TENDALES (CAB.EN PUERTO TENDALES)'),(281,'EL ORO','EL GUABO','RIO BONITO'),(282,'EL ORO','HUAQUILLAS','HUAQUILLAS'),(283,'EL ORO','MARCABELI','MARCABELI'),(284,'EL ORO','MARCABELI','EL INGENIO'),(285,'EL ORO','PASAJE','PASAJE'),(286,'EL ORO','PASAJE','BUENAVISTA'),(287,'EL ORO','PASAJE','CASACAY'),(288,'EL ORO','PASAJE','LA PEAÑA'),(289,'EL ORO','PASAJE','PROGRESO'),(290,'EL ORO','PASAJE','UZHCURRUMI'),(291,'EL ORO','PASAJE','CAÑAQUEMADA'),(292,'EL ORO','PIÑAS','PIÑAS'),(293,'EL ORO','PIÑAS','CAPIRO (CAB. EN LA CAPILLA DE CAPIRO)'),(294,'EL ORO','PIÑAS','LA BOCANA'),(295,'EL ORO','PIÑAS','MOROMORO (CAB. EN EL VADO)'),(296,'EL ORO','PIÑAS','PIEDRAS'),(297,'EL ORO','PIÑAS','SAN ROQUE (AMBROSIO MALDONADO)'),(298,'EL ORO','PIÑAS','SARACAY'),(299,'EL ORO','PORTOVELO','PORTOVELO'),(300,'EL ORO','PORTOVELO','CURTINCAPA'),(301,'EL ORO','PORTOVELO','MORALES'),(302,'EL ORO','PORTOVELO','SALATI'),(303,'EL ORO','SANTA ROSA','SANTA ROSA'),(304,'EL ORO','SANTA ROSA','BELLAVISTA'),(305,'EL ORO','SANTA ROSA','JAMBELI'),(306,'EL ORO','SANTA ROSA','LA AVANZADA'),(307,'EL ORO','SANTA ROSA','SAN ANTONIO'),(308,'EL ORO','SANTA ROSA','TORATA'),(309,'EL ORO','SANTA ROSA','VICTORIA'),(310,'EL ORO','SANTA ROSA','BELLAMARIA'),(311,'EL ORO','ZARUMA','ZARUMA'),(312,'EL ORO','ZARUMA','ABAÑIN'),(313,'EL ORO','ZARUMA','ARCAPAMBA'),(314,'EL ORO','ZARUMA','GUANAZAN'),(315,'EL ORO','ZARUMA','GUIZHAGUIÑA'),(316,'EL ORO','ZARUMA','HUERTAS'),(317,'EL ORO','ZARUMA','MALVAS'),(318,'EL ORO','ZARUMA','MULUNCAY GRANDE'),(319,'EL ORO','ZARUMA','SINSAO'),(320,'EL ORO','ZARUMA','SALVIAS'),(321,'EL ORO','LAS LAJAS','LA VICTORIA'),(322,'EL ORO','LAS LAJAS','LA LIBERTAD'),(323,'EL ORO','LAS LAJAS','EL PARAISO'),(324,'EL ORO','LAS LAJAS','SAN ISIDRO'),(325,'ESMERALDAS',' ESMERALDAS','ESMERALDAS'),(326,'ESMERALDAS',' ESMERALDAS','CAMARONES (CAB. EN SAN VICENTE)'),(327,'ESMERALDAS',' ESMERALDAS','CRNEL. CARLOS CONCHA TORRES (CAB.EN HUELE)'),(328,'ESMERALDAS',' ESMERALDAS','CHINCA'),(329,'ESMERALDAS',' ESMERALDAS','MAJUA'),(330,'ESMERALDAS',' ESMERALDAS','SAN MATEO'),(331,'ESMERALDAS',' ESMERALDAS','TABIAZO'),(332,'ESMERALDAS',' ESMERALDAS','TACHINA'),(333,'ESMERALDAS',' ESMERALDAS','VUELTA LARGA'),(334,'ESMERALDAS','ELOY ALFARO','VALDEZ (LIMONES)'),(335,'ESMERALDAS','ELOY ALFARO','ANCHAYACU'),(336,'ESMERALDAS','ELOY ALFARO','ATAHUALPA (CAB. EN CAMARONES)'),(337,'ESMERALDAS','ELOY ALFARO','BORBON'),(338,'ESMERALDAS','ELOY ALFARO','LA TOLA'),(339,'ESMERALDAS','ELOY ALFARO','LUIS VARGAS TORRES (CAB. EN PLAYA DE ORO)'),(340,'ESMERALDAS','ELOY ALFARO','MALDONADO'),(341,'ESMERALDAS','ELOY ALFARO','PAMPANAL DE BOLIVAR'),(342,'ESMERALDAS','ELOY ALFARO','SAN FRANCISCO DE ONZOLE'),(343,'ESMERALDAS','ELOY ALFARO','SANTO DOMINGO DE ONZOLE'),(344,'ESMERALDAS','ELOY ALFARO','SELVA ALEGRE'),(345,'ESMERALDAS','ELOY ALFARO','TELEMBI'),(346,'ESMERALDAS','ELOY ALFARO','COLON ELOY DEL MARIA'),(347,'ESMERALDAS','ELOY ALFARO','SAN JOSE DE CAYAPAS'),(348,'ESMERALDAS','ELOY ALFARO','TIMBIRE'),(349,'ESMERALDAS','MUISNE','MUISNE'),(350,'ESMERALDAS','MUISNE','BOLIVAR'),(351,'ESMERALDAS','MUISNE','DAULE'),(352,'ESMERALDAS','MUISNE','GALERA'),(353,'ESMERALDAS','MUISNE','QUINGUE (OLMEDO PERDOMO FRANCO)'),(354,'ESMERALDAS','MUISNE','SALIMA'),(355,'ESMERALDAS','MUISNE','SAN FRANCISCO'),(356,'ESMERALDAS','MUISNE','SAN GREGORIO'),(357,'ESMERALDAS','MUISNE','SAN JOSE DE CHAMANGA (CAB.EN CHAMANGA)'),(358,'ESMERALDAS','QUININDE','ROSA ZARATE (QUININDE)'),(359,'ESMERALDAS','QUININDE','CUBE'),(360,'ESMERALDAS','QUININDE','CHURA (CHANCAMA) (CAB. EN EL YERBERO)'),(361,'ESMERALDAS','QUININDE','MALIMPIA'),(362,'ESMERALDAS','QUININDE','VICHE'),(363,'ESMERALDAS','QUININDE','LA UNION'),(364,'ESMERALDAS','SAN LORENZO','SAN LORENZO'),(365,'ESMERALDAS','SAN LORENZO','ALTO TAMBO (CAB. EN GUADUAL)'),(366,'ESMERALDAS','SAN LORENZO','ANCON (PICHANGAL) (CAB. EN PALMA REAL)'),(367,'ESMERALDAS','SAN LORENZO','CALDERON'),(368,'ESMERALDAS','SAN LORENZO','CARONDELET'),(369,'ESMERALDAS','SAN LORENZO','5 DE JUNIO (CAB. EN UIMBI)'),(370,'ESMERALDAS','SAN LORENZO','CONCEPCION'),(371,'ESMERALDAS','SAN LORENZO','MATAJE (CAB. EN SANTANDER)'),(372,'ESMERALDAS','SAN LORENZO','SAN JAVIER DE CACHAVI (CAB. EN SAN JAVIER)'),(373,'ESMERALDAS','SAN LORENZO','SANTA RITA'),(374,'ESMERALDAS','SAN LORENZO','TAMBILLO'),(375,'ESMERALDAS','SAN LORENZO','TULULBI (CAB. EN RICAURTE)'),(376,'ESMERALDAS','SAN LORENZO','URBINA'),(377,'ESMERALDAS','ATACAMES','ATACAMES'),(378,'ESMERALDAS','ATACAMES','LA UNION'),(379,'ESMERALDAS','ATACAMES','SUA  (CAB. EN LA BOCANA)'),(380,'ESMERALDAS','ATACAMES','TONCHIGÜE'),(381,'ESMERALDAS','ATACAMES','TONSUPA'),(382,'ESMERALDAS','RIOVERDE','RIOVERDE'),(383,'ESMERALDAS','RIOVERDE','CHONTADURO'),(384,'ESMERALDAS','RIOVERDE','CHUMUNDE'),(385,'ESMERALDAS','RIOVERDE','LAGARTO'),(386,'ESMERALDAS','RIOVERDE','MONTALVO (CAB. EN HORQUETA)'),(387,'ESMERALDAS','RIOVERDE','ROCAFUERTE'),(388,'ESMERALDAS','LA CONCORDIA','LA CONCORDIA'),(389,'GUAYAS',' GUAYAQUIL','GUAYAQUIL'),(390,'GUAYAS',' GUAYAQUIL','JUAN GOMEZ RENDON (PROGRESO)'),(391,'GUAYAS',' GUAYAQUIL','MORRO'),(392,'GUAYAS',' GUAYAQUIL','POSORJA'),(393,'GUAYAS',' GUAYAQUIL','PUNA'),(394,'GUAYAS',' GUAYAQUIL','TENGUEL'),(395,'GUAYAS','ALFREDO BAQUERIZO MORENO (JUJAN)','ALFREDO BAQUERIZO MORENO (JUJAN)'),(396,'GUAYAS','BALAO','BALAO'),(397,'GUAYAS','BALZAR','BALZAR'),(398,'GUAYAS','COLIMES','COLIMES'),(399,'GUAYAS','COLIMES','SAN JACINTO'),(400,'GUAYAS','DAULE','DAULE'),(401,'GUAYAS','DAULE','JUAN BAUTISTA AGUIRRE (LOS TINTOS)'),(402,'GUAYAS','DAULE','LAUREL'),(403,'GUAYAS','DAULE','LIMONAL'),(404,'GUAYAS','DAULE','LOS LOJAS (ENRIQUE BAQUERIZO MORENO)'),(405,'GUAYAS','DURAN','ELOY ALFARO (DURAN)'),(406,'GUAYAS',' EL EMPALME','VELASCO IBARRA (EL EMPALME)'),(407,'GUAYAS',' EL EMPALME','GUAYAS (PUEBLO NUEVO)'),(408,'GUAYAS',' EL EMPALME','EL ROSARIO'),(409,'GUAYAS','EL TRIUNFO','EL TRIUNFO'),(410,'GUAYAS',' MILAGRO','MILAGRO'),(411,'GUAYAS',' MILAGRO','CHOBO'),(412,'GUAYAS',' MILAGRO','MARISCAL SUCRE (HUAQUES)'),(413,'GUAYAS',' MILAGRO','ROBERTO ASTUDILLO (CAB. EN CRUCE DE VENECIA)'),(414,'GUAYAS','NARANJAL','NARANJAL'),(415,'GUAYAS','NARANJAL','JESUS MARIA'),(416,'GUAYAS','NARANJAL','SAN CARLOS'),(417,'GUAYAS','NARANJAL','SANTA ROSA DE FLANDES'),(418,'GUAYAS','NARANJAL','TAURA'),(419,'GUAYAS','NARANJITO','NARANJITO'),(420,'GUAYAS','PALESTINA','PALESTINA'),(421,'GUAYAS','PEDRO CARBO','PEDRO CARBO'),(422,'GUAYAS','PEDRO CARBO','VALLE DE LA VIRGEN'),(423,'GUAYAS','PEDRO CARBO','SABANILLA'),(424,'GUAYAS','SAMBORONDON','SAMBORONDON'),(425,'GUAYAS','SAMBORONDON','TARIFA'),(426,'GUAYAS',' SANTA LUCIA','SANTA LUCIA'),(427,'GUAYAS','SALITRE (URBINA JADO)','EL SALITRE (LAS RAMAS)'),(428,'GUAYAS','SALITRE (URBINA JADO)','GRAL. VERNAZA (DOS ESTEROS)'),(429,'GUAYAS','SALITRE (URBINA JADO)','LA VICTORIA (ÑAUZA)'),(430,'GUAYAS','SALITRE (URBINA JADO)','JUNQUILLAL'),(431,'GUAYAS','SAN JACINTO DE YAGUACHI','SAN JACINTO DE YAGUACHI'),(432,'GUAYAS','SAN JACINTO DE YAGUACHI','GRAL. PEDRO J. MONTERO (BOLICHE)'),(433,'GUAYAS','SAN JACINTO DE YAGUACHI','YAGUACHI VIEJO (CONE)'),(434,'GUAYAS','SAN JACINTO DE YAGUACHI','VIRGEN DE FATIMA'),(435,'GUAYAS',' PLAYAS','GENERAL VILLAMIL (PLAYAS)'),(436,'GUAYAS','SIMON BOLIVAR','SIMON BOLIVAR'),(437,'GUAYAS','SIMON BOLIVAR','CRNEL.LORENZO DE GARAICOA (PEDREGAL)'),(438,'GUAYAS','CORONEL MARCELINO MARIDUEÑA','CORONEL MARCELINO MARIDUEÑA (SAN CARLOS)'),(439,'GUAYAS','LOMAS DE SARGENTILLO','LOMAS DE SARGENTILLO'),(440,'GUAYAS','NOBOL','NARCISA DE JESUS'),(441,'GUAYAS','GENERAL ANTONIO ELIZALDE','GENERAL ANTONIO ELIZALDE (BUCAY)'),(442,'GUAYAS','ISIDRO AYORA','ISIDRO AYORA'),(443,'IMBABURA',' IBARRA','SAN MIGUEL DE IBARRA'),(444,'IMBABURA',' IBARRA','AMBUQUI'),(445,'IMBABURA',' IBARRA','ANGOCHAGUA'),(446,'IMBABURA',' IBARRA','CAROLINA'),(447,'IMBABURA',' IBARRA','LA ESPERANZA'),(448,'IMBABURA',' IBARRA','LITA'),(449,'IMBABURA',' IBARRA','SALINAS'),(450,'IMBABURA',' IBARRA','SAN ANTONIO'),(451,'IMBABURA','ANTONIO ANTE','ATUNTAQUI'),(452,'IMBABURA','ANTONIO ANTE','IMBAYA (SAN LUIS DE COBUENDO)'),(453,'IMBABURA','ANTONIO ANTE','SAN FRANCISCO DE NATABUELA'),(454,'IMBABURA','ANTONIO ANTE','SAN JOSE DE CHALTURA'),(455,'IMBABURA','ANTONIO ANTE','SAN ROQUE'),(456,'IMBABURA','COTACACHI','COTACACHI'),(457,'IMBABURA','COTACACHI','APUELA'),(458,'IMBABURA','COTACACHI','GARCIA MORENO  (LLURIMAGUA)'),(459,'IMBABURA','COTACACHI','IMANTAG'),(460,'IMBABURA','COTACACHI','PEÑAHERRERA'),(461,'IMBABURA','COTACACHI','PLAZA GUTIERREZ'),(462,'IMBABURA','COTACACHI','QUIROGA'),(463,'IMBABURA','COTACACHI','6 DE JULIO DE CUELLAJE (CAB. EN CUELLAJE)'),(464,'IMBABURA','COTACACHI','VACAS GALINDO (EL CHURO) (CAB.EN SAN MIGUEL ALTO)'),(465,'IMBABURA','OTAVALO','OTAVALO'),(466,'IMBABURA','OTAVALO','DR. MIGUEL EGAS CABEZAS (PEGUCHE)'),(467,'IMBABURA','OTAVALO','EUGENIO ESPEJO (CALPAQUI)'),(468,'IMBABURA','OTAVALO','GONZALEZ SUAREZ'),(469,'IMBABURA','OTAVALO','PATAQUI'),(470,'IMBABURA','OTAVALO','SAN JOSE DE QUICHINCHE'),(471,'IMBABURA','OTAVALO','SAN JUAN DE ILUMAN'),(472,'IMBABURA','OTAVALO','SAN PABLO'),(473,'IMBABURA','OTAVALO','SAN RAFAEL'),(474,'IMBABURA','OTAVALO','SELVA ALEGRE (CAB.EN SAN MIGUEL DE PAMPLONA)'),(475,'IMBABURA','PIMAMPIRO','PIMAMPIRO'),(476,'IMBABURA','PIMAMPIRO','CHUGA'),(477,'IMBABURA','PIMAMPIRO','MARIANO ACOSTA'),(478,'IMBABURA','PIMAMPIRO','SAN FRANCISCO DE SIGSIPAMBA'),(479,'IMBABURA','SAN MIGUEL DE URCUQUI','URCUQUI'),(480,'IMBABURA','SAN MIGUEL DE URCUQUI','CAHUASQUI'),(481,'IMBABURA','SAN MIGUEL DE URCUQUI','LA MERCED DE BUENOS AIRES'),(482,'IMBABURA','SAN MIGUEL DE URCUQUI','PABLO ARENAS'),(483,'IMBABURA','SAN MIGUEL DE URCUQUI','SAN BLAS'),(484,'IMBABURA','SAN MIGUEL DE URCUQUI','TUMBABIRO'),(485,'LOJA',' LOJA','LOJA'),(486,'LOJA',' LOJA','CHANTACO'),(487,'LOJA',' LOJA','CHUQUIRIBAMBA'),(488,'LOJA',' LOJA','EL CISNE'),(489,'LOJA',' LOJA','GUALEL'),(490,'LOJA',' LOJA','JIMBILLA'),(491,'LOJA',' LOJA','MALACATOS (VALLADOLID)'),(492,'LOJA',' LOJA','SAN LUCAS'),(493,'LOJA',' LOJA','SAN PEDRO DE VILCABAMBA'),(494,'LOJA',' LOJA','SANTIAGO'),(495,'LOJA',' LOJA','TAQUIL (MIGUEL RIOFRIO)'),(496,'LOJA',' LOJA','VILCABAMBA  (VICTORIA)'),(497,'LOJA',' LOJA','YANGANA (ARSENIO CASTILLO)'),(498,'LOJA',' LOJA','QUINARA'),(499,'LOJA','CALVAS','CARIAMANGA'),(500,'LOJA','CALVAS','COLAISACA'),(501,'LOJA','CALVAS','EL LUCERO'),(502,'LOJA','CALVAS','UTUANA'),(503,'LOJA','CALVAS','SANGUILLIN'),(504,'LOJA','CATAMAYO','CATAMAYO (LA TOMA)'),(505,'LOJA','CATAMAYO','EL TAMBO'),(506,'LOJA','CATAMAYO','GUAYQUICHUMA'),(507,'LOJA','CATAMAYO','SAN PEDRO DE LA BENDITA'),(508,'LOJA','CATAMAYO','ZAMBI'),(509,'LOJA','CELICA','CELICA'),(510,'LOJA','CELICA','CRUZPAMBA (CAB. EN CARLOS BUSTAMANTE)'),(511,'LOJA','CELICA','POZUL (SAN JUAN DE POZUL)'),(512,'LOJA','CELICA','SABANILLA'),(513,'LOJA','CELICA','TNTE. MAXIMILIANO RODRIGUEZ LOAIZA'),(514,'LOJA','CHAGUARPAMBA','CHAGUARPAMBA'),(515,'LOJA','CHAGUARPAMBA','BUENAVISTA'),(516,'LOJA','CHAGUARPAMBA','EL ROSARIO'),(517,'LOJA','CHAGUARPAMBA','SANTA RUFINA'),(518,'LOJA','CHAGUARPAMBA','AMARILLOS'),(519,'LOJA',' ESPINDOLA','AMALUZA'),(520,'LOJA',' ESPINDOLA','BELLAVISTA'),(521,'LOJA',' ESPINDOLA','JIMBURA'),(522,'LOJA',' ESPINDOLA','SANTA TERESITA'),(523,'LOJA',' ESPINDOLA','27 DE ABRIL (CAB. EN LA NARANJA)'),(524,'LOJA',' ESPINDOLA','EL INGENIO'),(525,'LOJA',' ESPINDOLA','EL AIRO'),(526,'LOJA',' GONZANAMA','GONZANAMA'),(527,'LOJA',' GONZANAMA','CHANGAIMINA (LA LIBERTAD)'),(528,'LOJA',' GONZANAMA','NAMBACOLA'),(529,'LOJA',' GONZANAMA','PURUNUMA (EGUIGUREN)'),(530,'LOJA',' GONZANAMA','SACAPALCA'),(531,'LOJA','MACARA','MACARA'),(532,'LOJA','MACARA','LARAMA'),(533,'LOJA','MACARA','LA VICTORIA'),(534,'LOJA','MACARA','SABIANGO (LA CAPILLA)'),(535,'LOJA','PALTAS','CATACOCHA'),(536,'LOJA','PALTAS','CANGONAMA'),(537,'LOJA','PALTAS','GUACHANAMA'),(538,'LOJA','PALTAS','LAURO GUERRERO'),(539,'LOJA','PALTAS','ORIANGA'),(540,'LOJA','PALTAS','SAN ANTONIO'),(541,'LOJA','PALTAS','CASANGA'),(542,'LOJA','PALTAS','YAMANA'),(543,'LOJA',' PUYANGO','ALAMOR'),(544,'LOJA',' PUYANGO','CIANO'),(545,'LOJA',' PUYANGO','EL ARENAL'),(546,'LOJA',' PUYANGO','EL LIMO (MARIANA DE JESUS)'),(547,'LOJA',' PUYANGO','MERCADILLO'),(548,'LOJA',' PUYANGO','VICENTINO'),(549,'LOJA','SARAGURO','SARAGURO'),(550,'LOJA','SARAGURO','EL PARAISO DE CELEN'),(551,'LOJA','SARAGURO','EL TABLON'),(552,'LOJA','SARAGURO','LLUZHAPA'),(553,'LOJA','SARAGURO','MANU'),(554,'LOJA','SARAGURO','SAN ANTONIO DE QUMBE (CUMBE)'),(555,'LOJA','SARAGURO','SAN PABLO DE TENTA'),(556,'LOJA','SARAGURO','SAN SEBASTIAN DE YULUC'),(557,'LOJA','SARAGURO','SELVA ALEGRE'),(558,'LOJA','SARAGURO','URDANETA (PAQUISHAPA)'),(559,'LOJA','SARAGURO','SUMAYPAMBA'),(560,'LOJA','SOZORANGA','SOZORANGA'),(561,'LOJA','SOZORANGA','NUEVA FATIMA'),(562,'LOJA','SOZORANGA','TACAMOROS'),(563,'LOJA','ZAPOTILLO','ZAPOTILLO'),(564,'LOJA','ZAPOTILLO','CAZADEROS (CAB.EN MANGAURCO)'),(565,'LOJA','ZAPOTILLO','GARZAREAL'),(566,'LOJA','ZAPOTILLO','LIMONES'),(567,'LOJA','ZAPOTILLO','PALETILLAS'),(568,'LOJA','ZAPOTILLO','BOLASPAMBA'),(569,'LOJA',' PINDAL','PINDAL'),(570,'LOJA',' PINDAL','CHAQUINAL'),(571,'LOJA',' PINDAL','12 DE DICIEMBRE (CAB.EN ACHIOTES)'),(572,'LOJA','QUILANGA','QUILANGA'),(573,'LOJA','QUILANGA','FUNDOCHAMBA'),(574,'LOJA','QUILANGA','SAN ANTONIO DE LAS ARADAS (CAB. EN LAS ARADAS)'),(575,'LOJA','OLMEDO','OLMEDO'),(576,'LOJA','OLMEDO','LA TINGUE'),(577,'LOS RIOS','BABAHOYO','BABAHOYO'),(578,'LOS RIOS','BABAHOYO','CARACOL'),(579,'LOS RIOS','BABAHOYO','FEBRES CORDERO (LAS JUNTAS) (CAB. EN MATA DE CACAO)'),(580,'LOS RIOS','BABAHOYO','PIMOCHA'),(581,'LOS RIOS','BABAHOYO','LA UNION'),(582,'LOS RIOS','BABA','BABA'),(583,'LOS RIOS','BABA','GUARE'),(584,'LOS RIOS','BABA','ISLA DE BEJUCAL'),(585,'LOS RIOS',' MONTALVO','MONTALVO'),(586,'LOS RIOS','PUEBLOVIEJO','PUEBLOVIEJO'),(587,'LOS RIOS','PUEBLOVIEJO','PUERTO PECHICHE'),(588,'LOS RIOS','PUEBLOVIEJO','SAN JUAN'),(589,'LOS RIOS','QUEVEDO','QUEVEDO'),(590,'LOS RIOS','QUEVEDO','SAN CARLOS'),(591,'LOS RIOS','QUEVEDO','LA ESPERANZA'),(592,'LOS RIOS','URDANETA','CATARAMA'),(593,'LOS RIOS','URDANETA','RICAURTE'),(594,'LOS RIOS','VENTANAS','VENTANAS'),(595,'LOS RIOS','VENTANAS','ZAPOTAL'),(596,'LOS RIOS','VINCES','VINCES'),(597,'LOS RIOS','VINCES','ANTONIO SOTOMAYOR (CAB. EN PLAYAS DE VINCES)'),(598,'LOS RIOS','PALENQUE','PALENQUE'),(599,'LOS RIOS','BUENA FE','SAN JACINTO DE BUENA FE'),(600,'LOS RIOS','BUENA FE','PATRICIA PILAR'),(601,'LOS RIOS','VALENCIA','VALENCIA'),(602,'LOS RIOS',' MOCACHE','MOCACHE'),(603,'LOS RIOS','QUINSALOMA','QUINSALOMA'),(604,'MANABI','PORTOVIEJO','PORTOVIEJO'),(605,'MANABI','PORTOVIEJO','ABDON CALDERON (SAN FRANCISCO)'),(606,'MANABI','PORTOVIEJO','ALHAJUELA (BAJO GRANDE)'),(607,'MANABI','PORTOVIEJO','CRUCITA'),(608,'MANABI','PORTOVIEJO','PUEBLO NUEVO'),(609,'MANABI','PORTOVIEJO','RIOCHICO (RIO CHICO)'),(610,'MANABI','PORTOVIEJO','SAN PLACIDO'),(611,'MANABI','PORTOVIEJO','CHIRIJOS'),(612,'MANABI','BOLIVAR','CALCETA'),(613,'MANABI','BOLIVAR','MEMBRILLO'),(614,'MANABI','BOLIVAR','QUIROGA'),(615,'MANABI','CHONE','CHONE'),(616,'MANABI','CHONE','BOYACA'),(617,'MANABI','CHONE','CANUTO'),(618,'MANABI','CHONE','CONVENTO'),(619,'MANABI','CHONE','CHIBUNGA'),(620,'MANABI','CHONE','ELOY ALFARO'),(621,'MANABI','CHONE','RICAURTE'),(622,'MANABI','CHONE','SAN ANTONIO'),(623,'MANABI','EL CARMEN','EL CARMEN'),(624,'MANABI','EL CARMEN','WILFRIDO LOOR MOREIRA (MAICITO)'),(625,'MANABI','EL CARMEN','SAN PEDRO DE SUMA'),(626,'MANABI',' FLAVIO ALFARO','FLAVIO ALFARO'),(627,'MANABI',' FLAVIO ALFARO','SAN FRANCISCO DE NOVILLO (CAB. EN  NOVILLO)'),(628,'MANABI',' FLAVIO ALFARO','ZAPALLO'),(629,'MANABI',' JIPIJAPA','JIPIJAPA'),(630,'MANABI',' JIPIJAPA','AMERICA'),(631,'MANABI',' JIPIJAPA','EL ANEGADO (CAB. EN ELOY ALFARO)'),(632,'MANABI',' JIPIJAPA','JULCUY'),(633,'MANABI',' JIPIJAPA','LA UNION'),(634,'MANABI',' JIPIJAPA','MEMBRILLAL'),(635,'MANABI',' JIPIJAPA','PEDRO PABLO GOMEZ'),(636,'MANABI',' JIPIJAPA','PUERTO DE CAYO'),(637,'MANABI','JUNIN','JUNIN'),(638,'MANABI',' MANTA','MANTA'),(639,'MANABI',' MANTA','SAN LORENZO'),(640,'MANABI',' MANTA','SANTA MARIANITA (BOCA DE PACOCHE)'),(641,'MANABI',' MONTECRISTI','MONTECRISTI'),(642,'MANABI',' MONTECRISTI','LA PILA'),(643,'MANABI','PAJAN','PAJAN'),(644,'MANABI','PAJAN','CAMPOZANO (LA PALMA DE PAJAN)'),(645,'MANABI','PAJAN','CASCOL'),(646,'MANABI','PAJAN','GUALE'),(647,'MANABI','PAJAN','LASCANO'),(648,'MANABI',' PICHINCHA','PICHINCHA'),(649,'MANABI',' PICHINCHA','BARRAGANETE'),(650,'MANABI',' PICHINCHA','SAN SEBASTIAN'),(651,'MANABI','ROCAFUERTE','ROCAFUERTE'),(652,'MANABI','SANTA ANA','SANTA ANA DE VUELTA LARGA'),(653,'MANABI','SANTA ANA','AYACUCHO'),(654,'MANABI','SANTA ANA','HONORATO VASQUEZ (CAB. EN VASQUEZ)'),(655,'MANABI','SANTA ANA','LA UNION'),(656,'MANABI','SANTA ANA','SAN PABLO (CAB. EN PUEBLO NUEVO)'),(657,'MANABI',' SUCRE','BAHIA DE CARAQUEZ'),(658,'MANABI',' SUCRE','CHARAPOTO'),(659,'MANABI',' SUCRE','SAN ISIDRO'),(660,'MANABI',' TOSAGUA','TOSAGUA'),(661,'MANABI',' TOSAGUA','BACHILLERO'),(662,'MANABI',' TOSAGUA','ANGEL PEDRO GILER (LA ESTANCILLA)'),(663,'MANABI','24 DE MAYO','SUCRE'),(664,'MANABI','24 DE MAYO','BELLAVISTA'),(665,'MANABI','24 DE MAYO','NOBOA'),(666,'MANABI','24 DE MAYO','ARQ. SIXTO DURAN BALLEN'),(667,'MANABI',' PEDERNALES','PEDERNALES'),(668,'MANABI',' PEDERNALES','COJIMIES'),(669,'MANABI',' PEDERNALES','10 DE AGOSTO'),(670,'MANABI',' PEDERNALES','ATAHUALPA'),(671,'MANABI','OLMEDO','OLMEDO'),(672,'MANABI','PUERTO LOPEZ','PUERTO LOPEZ'),(673,'MANABI','PUERTO LOPEZ','MACHALILLA'),(674,'MANABI','PUERTO LOPEZ','SALANGO'),(675,'MANABI',' JAMA','JAMA'),(676,'MANABI',' JARAMIJO','JARAMIJO'),(677,'MANABI','SAN VICENTE','SAN VICENTE'),(678,'MANABI','SAN VICENTE','CANOA'),(679,' MORONA SANTIAGO','MORONA','MACAS'),(680,' MORONA SANTIAGO','MORONA','ALSHI (CAB. EN 9 DE OCTUBRE)'),(681,' MORONA SANTIAGO','MORONA','GENERAL PROAÑO'),(682,' MORONA SANTIAGO','MORONA','SAN ISIDRO'),(683,' MORONA SANTIAGO','MORONA','SEVILLA DON BOSCO'),(684,' MORONA SANTIAGO','MORONA','SINAI'),(685,' MORONA SANTIAGO','MORONA','ZUÑA (ZUÑAC)'),(686,' MORONA SANTIAGO','MORONA','CUCHAENTZA'),(687,' MORONA SANTIAGO','MORONA','RIO BLANCO'),(688,' MORONA SANTIAGO',' GUALAQUIZA','GUALAQUIZA'),(689,' MORONA SANTIAGO',' GUALAQUIZA','AMAZONAS (ROSARIO DE CUYES)'),(690,' MORONA SANTIAGO',' GUALAQUIZA','BERMEJOS'),(691,' MORONA SANTIAGO',' GUALAQUIZA','BOMBOIZA'),(692,' MORONA SANTIAGO',' GUALAQUIZA','CHIGÜINDA'),(693,' MORONA SANTIAGO',' GUALAQUIZA','EL ROSARIO'),(694,' MORONA SANTIAGO',' GUALAQUIZA','NUEVA TARQUI'),(695,' MORONA SANTIAGO',' GUALAQUIZA','SAN MIGUEL DE CUYES'),(696,' MORONA SANTIAGO',' GUALAQUIZA','EL IDEAL'),(697,' MORONA SANTIAGO','LIMON INDANZA','GENERAL LEONIDAS PLAZA GUTIERREZ (LIMON)'),(698,' MORONA SANTIAGO','LIMON INDANZA','INDANZA'),(699,' MORONA SANTIAGO','LIMON INDANZA','SAN ANTONIO (CAB. EN SAN ANTONIO CENTRO'),(700,' MORONA SANTIAGO','LIMON INDANZA','SAN MIGUEL DE CONCHAY'),(701,' MORONA SANTIAGO','LIMON INDANZA','SANTA SUSANA DE CHIVIAZA (CAB. EN CHIVIAZA)'),(702,' MORONA SANTIAGO','LIMON INDANZA','YUNGANZA (CAB. EN EL ROSARIO)'),(703,' MORONA SANTIAGO','PALORA','PALORA (METZERA)'),(704,' MORONA SANTIAGO','PALORA','ARAPICOS'),(705,' MORONA SANTIAGO','PALORA','CUMANDA (CAB. EN COLONIA AGRICOLA SEVILLA DEL ORO)'),(706,' MORONA SANTIAGO','PALORA','SANGAY (CAB. EN NAYAMANACA)'),(707,' MORONA SANTIAGO','PALORA','16 DE AGOSTO'),(708,' MORONA SANTIAGO','SANTIAGO','SANTIAGO DE MENDEZ'),(709,' MORONA SANTIAGO','SANTIAGO','COPAL'),(710,' MORONA SANTIAGO','SANTIAGO','CHUPIANZA'),(711,' MORONA SANTIAGO','SANTIAGO','PATUCA'),(712,' MORONA SANTIAGO','SANTIAGO','SAN LUIS DE EL ACHO (CAB. EN EL ACHO)'),(713,' MORONA SANTIAGO','SANTIAGO','TAYUZA'),(714,' MORONA SANTIAGO','SANTIAGO','SAN FRANCISCO DE CHINIMBIMI'),(715,' MORONA SANTIAGO','SUCUA','SUCUA'),(716,' MORONA SANTIAGO','SUCUA','ASUNCION'),(717,' MORONA SANTIAGO','SUCUA','HUAMBI'),(718,' MORONA SANTIAGO','SUCUA','SANTA MARIANITA DE JESUS'),(719,' MORONA SANTIAGO',' HUAMBOYA','HUAMBOYA'),(720,' MORONA SANTIAGO',' HUAMBOYA','CHIGUAZA'),(721,' MORONA SANTIAGO','SAN JUAN BOSCO','SAN JUAN BOSCO'),(722,' MORONA SANTIAGO','SAN JUAN BOSCO','PAN DE AZUCAR'),(723,' MORONA SANTIAGO','SAN JUAN BOSCO','SAN CARLOS DE LIMON'),(724,' MORONA SANTIAGO','SAN JUAN BOSCO','SAN JACINTO DE WAKAMBEIS'),(725,' MORONA SANTIAGO','SAN JUAN BOSCO','SANTIAGO DE PANANZA'),(726,' MORONA SANTIAGO','TAISHA','TAISHA'),(727,' MORONA SANTIAGO','TAISHA','HUASAGA (CAB. EN WAMPUIK)'),(728,' MORONA SANTIAGO','TAISHA','MACUMA'),(729,' MORONA SANTIAGO','TAISHA','TUUTINENTZA'),(730,' MORONA SANTIAGO','TAISHA','PUMPUENTSA'),(731,' MORONA SANTIAGO','LOGROÑO','LOGROÑO'),(732,' MORONA SANTIAGO','LOGROÑO','YAUPI'),(733,' MORONA SANTIAGO','LOGROÑO','SHIMPIS'),(734,' MORONA SANTIAGO','PABLO SEXTO','PABLO SEXTO'),(735,' MORONA SANTIAGO','CANTON TIWINTZA','SANTIAGO'),(736,' MORONA SANTIAGO','CANTON TIWINTZA','SAN JOSE DE MORONA'),(737,' NAPO','TENA','TENA'),(738,' NAPO','TENA','AHUANO'),(739,' NAPO','TENA','CHONTAPUNTA'),(740,' NAPO','TENA','PANO'),(741,' NAPO','TENA','PUERTO MISAHUALLI'),(742,' NAPO','TENA','PUERTO NAPO'),(743,' NAPO','TENA','TALAG'),(744,' NAPO','ARCHIDONA','ARCHIDONA'),(745,' NAPO','ARCHIDONA','COTUNDO'),(746,' NAPO','ARCHIDONA','SAN PABLO DE USHPAYACU'),(747,' NAPO','EL CHACO','EL CHACO'),(748,' NAPO','EL CHACO','GONZALO DIAZ DE PINEDA (EL BOMBON)'),(749,' NAPO','EL CHACO','LINARES'),(750,' NAPO','EL CHACO','OYACACHI'),(751,' NAPO','EL CHACO','SANTA ROSA'),(752,' NAPO','EL CHACO','SARDINAS'),(753,' NAPO','QUIJOS','BAEZA'),(754,' NAPO','QUIJOS','COSANGA'),(755,' NAPO','QUIJOS','CUYUJA'),(756,' NAPO','QUIJOS','PAPALLACTA'),(757,' NAPO','QUIJOS','SAN FRANCISCO DE BORJA (VIRGILIO DAVILA)'),(758,' NAPO','QUIJOS','SUMACO'),(759,' NAPO',' CARLOS JULIO AROSEMENA TOLA','CARLOS JULIO AROSEMENA TOLA'),(760,' PASTAZA','PASTAZA','PUYO'),(761,' PASTAZA','PASTAZA','CANELOS'),(762,' PASTAZA','PASTAZA','DIEZ  DE AGOSTO'),(763,' PASTAZA','PASTAZA','FATIMA'),(764,' PASTAZA','PASTAZA','MONTALVO (ANDOAS)'),(765,' PASTAZA','PASTAZA','POMONA'),(766,' PASTAZA','PASTAZA','RIO CORRIENTES'),(767,' PASTAZA','PASTAZA','RIO TIGRE'),(768,' PASTAZA','PASTAZA','SARAYACU'),(769,' PASTAZA','PASTAZA','SIMON BOLIVAR  (CAB. EN MUSHULLACTA)'),(770,' PASTAZA','PASTAZA','TARQUI'),(771,' PASTAZA','PASTAZA','TENIENTE HUGO ORTIZ'),(772,' PASTAZA','PASTAZA','VERACRUZ (INDILLAMA) (CAB. EN INDILLAMA)'),(773,' PASTAZA','PASTAZA','EL TRIUNFO'),(774,' PASTAZA','MERA','MERA'),(775,' PASTAZA','MERA','MADRE TIERRA'),(776,' PASTAZA','MERA','SHELL'),(777,' PASTAZA',' SANTA CLARA','SANTA CLARA'),(778,' PASTAZA',' SANTA CLARA','SAN JOSE'),(779,' PASTAZA',' ARAJUNO','ARAJUNO'),(780,' PASTAZA',' ARAJUNO','CURARAY'),(781,'PICHINCHA','QUITO','BELISARIO QUEVEDO'),(782,'PICHINCHA','QUITO','CARCELÉN'),(783,'PICHINCHA','QUITO','CENTRO HISTÓRICO'),(784,'PICHINCHA','QUITO','COCHAPAMBA'),(785,'PICHINCHA','QUITO','COMITÉ DEL PUEBLO'),(786,'PICHINCHA','QUITO','COTOCOLLAO'),(787,'PICHINCHA','QUITO','CHILIBULO'),(788,'PICHINCHA','QUITO','CHILLOGALLO'),(789,'PICHINCHA','QUITO','CHIMBACALLE'),(790,'PICHINCHA','QUITO','EL CONDADO'),(791,'PICHINCHA','QUITO','GUAMANÍ'),(792,'PICHINCHA','QUITO','IÑAQUITO'),(793,'PICHINCHA','QUITO','ITCHIMBIA'),(794,'PICHINCHA','QUITO','JIPIJAPA'),(795,'PICHINCHA','QUITO','KENNEDY'),(796,'PICHINCHA','QUITO','LA ARGELIA'),(797,'PICHINCHA','QUITO','LA CONCEPCIÓN'),(798,'PICHINCHA','QUITO','LA ECUATORIANA'),(799,'PICHINCHA','QUITO','LA FERROVIARIA'),(800,'PICHINCHA','QUITO','LA LIBERTAD'),(801,'PICHINCHA','QUITO','LA MAGDALENA'),(802,'PICHINCHA','QUITO','LA MENA'),(803,'PICHINCHA','QUITO','MARISCAL SUCRE'),(804,'PICHINCHA','QUITO','PONCEANO'),(805,'PICHINCHA','QUITO','PUENGASÍ'),(806,'PICHINCHA','QUITO','QUITUMBE'),(807,'PICHINCHA','QUITO','RUMIPAMBA'),(808,'PICHINCHA','QUITO','SAN BARTOLO'),(809,'PICHINCHA','QUITO','SAN ISIDRO DEL INCA'),(810,'PICHINCHA','QUITO','SAN JUAN'),(811,'PICHINCHA','QUITO','SOLANDA'),(812,'PICHINCHA','QUITO','TURUBAMBA'),(813,'PICHINCHA','QUITO','ALANGASÍ'),(814,'PICHINCHA','QUITO','AMAGUAÑA'),(815,'PICHINCHA','QUITO','ATAHUALPA'),(816,'PICHINCHA','QUITO','CALACALÍ'),(817,'PICHINCHA','QUITO','CALDERÓN'),(818,'PICHINCHA','QUITO','CONOCOTO'),(819,'PICHINCHA','QUITO','CUMBAYÁ'),(820,'PICHINCHA','QUITO','CHAVEZPAMBA'),(821,'PICHINCHA','QUITO','CHECA'),(822,'PICHINCHA','QUITO','EL QUINCHE'),(823,'PICHINCHA','QUITO','GUALEA'),(824,'PICHINCHA','QUITO','GUANGOPOLO'),(825,'PICHINCHA','QUITO','GUAYLLABAMBA'),(826,'PICHINCHA','QUITO','LA MERCED'),(827,'PICHINCHA','QUITO','LLANO CHICO'),(828,'PICHINCHA','QUITO','LLOA'),(829,'PICHINCHA','QUITO','*MINDO'),(830,'PICHINCHA','QUITO','NANEGAL'),(831,'PICHINCHA','QUITO','NANEGALITO'),(832,'PICHINCHA','QUITO','NAYÓN'),(833,'PICHINCHA','QUITO','NONO'),(834,'PICHINCHA','QUITO','PACTO'),(835,'PICHINCHA','QUITO','*PEDRO VICENTE MALDONADO'),(836,'PICHINCHA','QUITO','PERUCHO'),(837,'PICHINCHA','QUITO','PIFO'),(838,'PICHINCHA','QUITO','PÍNTAG'),(839,'PICHINCHA','QUITO','POMASQUI'),(840,'PICHINCHA','QUITO','PUÉLLARO'),(841,'PICHINCHA','QUITO','PUEMBO'),(842,'PICHINCHA','QUITO','SAN ANTONIO'),(843,'PICHINCHA','QUITO','SAN JOSÉ DE MINAS'),(844,'PICHINCHA','QUITO','*SAN MIGUEL DE LOS BANCOS'),(845,'PICHINCHA','QUITO','TABABELA'),(846,'PICHINCHA','QUITO','TUMBACO'),(847,'PICHINCHA','QUITO','YARUQUÍ'),(848,'PICHINCHA','QUITO','ZÁMBIZA'),(849,'PICHINCHA','QUITO','*PUERTO QUITO'),(850,'PICHINCHA','QUITO','CHILLOGALLO'),(851,'PICHINCHA','QUITO','GUAMANÍ'),(852,'PICHINCHA','QUITO','LA ECUATORIANA'),(853,'PICHINCHA','QUITO','QUITUMBE'),(854,'PICHINCHA','QUITO','TURUBAMBA'),(855,'PICHINCHA','QUITO','CHILIBULO'),(856,'PICHINCHA','QUITO','CHIMBACALLE'),(857,'PICHINCHA','QUITO','LA ARGELIA'),(858,'PICHINCHA','QUITO','LA FERROVIARIA'),(859,'PICHINCHA','QUITO','LLOA'),(860,'PICHINCHA','QUITO','LA MAGDALENA'),(861,'PICHINCHA','QUITO','LA MENA'),(862,'PICHINCHA','QUITO','SAN BARTOLO'),(863,'PICHINCHA','QUITO','SOLANDA'),(864,'PICHINCHA','QUITO','CENTRO HISTÓRICO'),(865,'PICHINCHA','QUITO','ITCHIMBÍA'),(866,'PICHINCHA','QUITO','LA LIBERTAD'),(867,'PICHINCHA','QUITO','BELISARIO QUEVEDO'),(868,'PICHINCHA','QUITO','COCHAPAMBA'),(869,'PICHINCHA','QUITO','IÑAQUITO'),(870,'PICHINCHA','QUITO','JIPIJAPA'),(871,'PICHINCHA','QUITO','KENNEDY'),(872,'PICHINCHA','QUITO','NAYÓN'),(873,'PICHINCHA','QUITO','CARCELÉN'),(874,'PICHINCHA','QUITO','COMITÉ DEL PUEBLO'),(875,'PICHINCHA','QUITO','COTOCOLLAO'),(876,'PICHINCHA','QUITO','CALACALÍ'),(877,'PICHINCHA','QUITO','NONO'),(878,'PICHINCHA','QUITO','PUENGASÍ'),(879,'PICHINCHA','QUITO','SAN JUAN'),(880,'PICHINCHA','QUITO','LA CONCEPCIÓN'),(881,'PICHINCHA','QUITO','MARISCAL SUCRE'),(882,'PICHINCHA','QUITO','RUMIPAMBA'),(883,'PICHINCHA','QUITO','SAN ISIDRO DEL INCA'),(884,'PICHINCHA','QUITO','ZÁMBIZA'),(885,'PICHINCHA','QUITO','EL CONDADO'),(886,'PICHINCHA','QUITO','PONCEANO'),(887,'PICHINCHA','QUITO','POMASQUI'),(888,'PICHINCHA','QUITO','SAN ANTONIO'),(889,'PICHINCHA','QUITO','GUALEA'),(890,'PICHINCHA','QUITO','NANEGAL'),(891,'PICHINCHA','QUITO','ATAHUALPA'),(892,'PICHINCHA','QUITO','CHAVEZPAMBA'),(893,'PICHINCHA','QUITO','PERUCHO'),(894,'PICHINCHA','QUITO','CALDERÓN'),(895,'PICHINCHA','QUITO','CUMBAYÁ'),(896,'PICHINCHA','QUITO','ALANGASÍ'),(897,'PICHINCHA','QUITO','AMAGUAÑA'),(898,'PICHINCHA','QUITO','CONOCOTO'),(899,'PICHINCHA','QUITO','CHECA'),(900,'PICHINCHA','QUITO','EL QUINCHE'),(901,'PICHINCHA','QUITO','GUAYLLABAMBA'),(902,'PICHINCHA','QUITO','PIFO'),(903,'PICHINCHA','QUITO','PUEMBO'),(904,'PICHINCHA','QUITO','TABABELA'),(905,'PICHINCHA','QUITO','YARUQUÍ'),(906,'PICHINCHA','QUITO','GUANGOPOLO'),(907,'PICHINCHA','QUITO','LA MERCED'),(908,'PICHINCHA','QUITO','PÍNTAG'),(909,'PICHINCHA','QUITO','TUMBACO'),(910,'PICHINCHA','QUITO','LLANO CHICO'),(911,'PICHINCHA','QUITO','PUÉLLARO'),(912,'PICHINCHA','QUITO','SAN JOSÉ DE MINAS'),(913,'PICHINCHA','QUITO','NANEGALITO'),(914,'PICHINCHA','QUITO','PACTO'),(915,'PICHINCHA','CAYAMBE','ASCAZUBI'),(916,'PICHINCHA','CAYAMBE','CANGAHUA'),(917,'PICHINCHA','CAYAMBE','OLMEDO (PESILLO)'),(918,'PICHINCHA','CAYAMBE','OTON'),(919,'PICHINCHA','CAYAMBE','SANTA ROSA DE CUZUBAMBA'),(920,'PICHINCHA',' MEJIA','MACHACHI'),(921,'PICHINCHA',' MEJIA','ALOAG'),(922,'PICHINCHA',' MEJIA','ALOASI'),(923,'PICHINCHA',' MEJIA','CUTUGLAHUA'),(924,'PICHINCHA',' MEJIA','EL CHAUPI'),(925,'PICHINCHA',' MEJIA','MANUEL CORNEJO ASTORGA (TANDAPI)'),(926,'PICHINCHA',' MEJIA','TAMBILLO'),(927,'PICHINCHA',' MEJIA','UYUMBICHO'),(928,'PICHINCHA',' PEDRO MONCAYO','TABACUNDO'),(929,'PICHINCHA',' PEDRO MONCAYO','LA ESPERANZA'),(930,'PICHINCHA',' PEDRO MONCAYO','MALCHINGUI'),(931,'PICHINCHA',' PEDRO MONCAYO','TOCACHI'),(932,'PICHINCHA',' PEDRO MONCAYO','TUPIGACHI'),(933,'PICHINCHA','RUMIÑAHUI','SANGOLQUI'),(934,'PICHINCHA','RUMIÑAHUI','COTOGCHOA'),(935,'PICHINCHA','RUMIÑAHUI','RUMIPAMBA'),(936,'PICHINCHA',' SAN MIGUEL DE LOS BANCOS','SAN MIGUEL DE LOS BANCOS'),(937,'PICHINCHA',' SAN MIGUEL DE LOS BANCOS','MINDO'),(938,'PICHINCHA',' PEDRO VICENTE MALDONADO','PEDRO VICENTE MALDONADO'),(939,'PICHINCHA','PUERTO QUITO','PUERTO QUITO'),(940,'TUNGURAHUA','AMBATO','AMBATO'),(941,'TUNGURAHUA','AMBATO','AMBATILLO'),(942,'TUNGURAHUA','AMBATO','ATAHUALPA (CHISALATA)'),(943,'TUNGURAHUA','AMBATO','AUGUSTO N. MARTINEZ (MUNDUGLEO)'),(944,'TUNGURAHUA','AMBATO','CONSTANTINO FERNANDEZ (CAB. EN CULLITAHUA)'),(945,'TUNGURAHUA','AMBATO','HUACHI GRANDE'),(946,'TUNGURAHUA','AMBATO','IZAMBA'),(947,'TUNGURAHUA','AMBATO','JUAN BENIGNO VELA'),(948,'TUNGURAHUA','AMBATO','MONTALVO'),(949,'TUNGURAHUA','AMBATO','PASA'),(950,'TUNGURAHUA','AMBATO','PICAIGUA'),(951,'TUNGURAHUA','AMBATO','PILAGÜIN (PILAHÜIN)'),(952,'TUNGURAHUA','AMBATO','QUISAPINCHA (QUIZAPINCHA)'),(953,'TUNGURAHUA','AMBATO','SAN BARTOLOME DE PINLLOG'),(954,'TUNGURAHUA','AMBATO','SAN FERNANDO (PASA SAN FERNANDO)'),(955,'TUNGURAHUA','AMBATO','SANTA ROSA'),(956,'TUNGURAHUA','AMBATO','TOTORAS'),(957,'TUNGURAHUA','AMBATO','CUNCHIBAMBA'),(958,'TUNGURAHUA','AMBATO','UNAMUNCHO'),(959,'TUNGURAHUA','BAÑOS DE AGUA SANTA','BAÑOS DE AGUA SANTA'),(960,'TUNGURAHUA','BAÑOS DE AGUA SANTA','LLIGUA'),(961,'TUNGURAHUA','BAÑOS DE AGUA SANTA','RIO NEGRO'),(962,'TUNGURAHUA','BAÑOS DE AGUA SANTA','RIO VERDE'),(963,'TUNGURAHUA','BAÑOS DE AGUA SANTA','ULBA'),(964,'TUNGURAHUA',' CEVALLOS','CEVALLOS'),(965,'TUNGURAHUA',' MOCHA','MOCHA'),(966,'TUNGURAHUA',' MOCHA','PINGUILI'),(967,'TUNGURAHUA',' PATATE','PATATE'),(968,'TUNGURAHUA',' PATATE','EL TRIUNFO'),(969,'TUNGURAHUA',' PATATE','LOS ANDES (CAB. EN POATUG)'),(970,'TUNGURAHUA',' PATATE','SUCRE (CAB. EN SUCRE-PATATE URCU)'),(971,'TUNGURAHUA',' QUERO','QUERO'),(972,'TUNGURAHUA',' QUERO','RUMIPAMBA'),(973,'TUNGURAHUA',' QUERO','YANAYACU - MOCHAPATA (CAB. EN YANAYACU)'),(974,'TUNGURAHUA','SAN PEDRO DE PELILEO','PELILEO'),(975,'TUNGURAHUA','SAN PEDRO DE PELILEO','BENITEZ (PACHANLICA)'),(976,'TUNGURAHUA','SAN PEDRO DE PELILEO','BOLIVAR'),(977,'TUNGURAHUA','SAN PEDRO DE PELILEO','COTALO'),(978,'TUNGURAHUA','SAN PEDRO DE PELILEO','CHIQUICHA (CAB. EN CHIQUICHA GRANDE)'),(979,'TUNGURAHUA','SAN PEDRO DE PELILEO','EL ROSARIO (RUMICHACA)'),(980,'TUNGURAHUA','SAN PEDRO DE PELILEO','GARCIA MORENO (CHUMAQUI)'),(981,'TUNGURAHUA','SAN PEDRO DE PELILEO','GUAMBALO (HUAMBALO)'),(982,'TUNGURAHUA','SAN PEDRO DE PELILEO','SALASACA'),(983,'TUNGURAHUA','SANTIAGO DE PILLARO','PILLARO'),(984,'TUNGURAHUA','SANTIAGO DE PILLARO','BAQUERIZO MORENO'),(985,'TUNGURAHUA','SANTIAGO DE PILLARO','EMILIO MARIA TERAN (RUMIPAMBA)'),(986,'TUNGURAHUA','SANTIAGO DE PILLARO','MARCOS ESPINEL (CHACATA)'),(987,'TUNGURAHUA','SANTIAGO DE PILLARO','PRESIDENTE URBINA (CHAGRAPAMBA -PATZUCUL)'),(988,'TUNGURAHUA','SANTIAGO DE PILLARO','SAN ANDRES'),(989,'TUNGURAHUA','SANTIAGO DE PILLARO','SAN JOSE DE POALO'),(990,'TUNGURAHUA','SANTIAGO DE PILLARO','SAN MIGUELITO'),(991,'TUNGURAHUA','TISALEO','TISALEO'),(992,'TUNGURAHUA','TISALEO','QUINCHICOTO'),(993,' ZAMORA CHINCHIPE','ZAMORA','ZAMORA'),(994,' ZAMORA CHINCHIPE','ZAMORA','CUMBARATZA'),(995,' ZAMORA CHINCHIPE','ZAMORA','GUADALUPE'),(996,' ZAMORA CHINCHIPE','ZAMORA','IMBANA (LA VICTORIA DE IMBANA)'),(997,' ZAMORA CHINCHIPE','ZAMORA','SABANILLA'),(998,' ZAMORA CHINCHIPE','ZAMORA','TIMBARA'),(999,' ZAMORA CHINCHIPE','ZAMORA','SAN CARLOS DE LAS MINAS'),(1000,' ZAMORA CHINCHIPE',' CHINCHIPE','ZUMBA'),(1001,' ZAMORA CHINCHIPE',' CHINCHIPE','CHITO'),(1002,' ZAMORA CHINCHIPE',' CHINCHIPE','EL CHORRO'),(1003,' ZAMORA CHINCHIPE',' CHINCHIPE','LA CHONTA'),(1004,' ZAMORA CHINCHIPE',' CHINCHIPE','PUCAPAMBA'),(1005,' ZAMORA CHINCHIPE',' CHINCHIPE','SAN ANDRES'),(1006,' ZAMORA CHINCHIPE',' NANGARITZA','GUAYZIMI'),(1007,' ZAMORA CHINCHIPE',' NANGARITZA','ZURMI'),(1008,' ZAMORA CHINCHIPE',' NANGARITZA','NUEVO PARAISO'),(1009,' ZAMORA CHINCHIPE',' YACUAMBI','28 DE MAYO (SAN JOSE DE YACUAMBI)'),(1010,' ZAMORA CHINCHIPE',' YACUAMBI','LA PAZ'),(1011,' ZAMORA CHINCHIPE',' YACUAMBI','TUTUPALI'),(1012,' ZAMORA CHINCHIPE',' YANTZAZA (YANZATZA)','YANTZAZA (YANZATZA)'),(1013,' ZAMORA CHINCHIPE',' YANTZAZA (YANZATZA)','CHICAÑA'),(1014,' ZAMORA CHINCHIPE',' YANTZAZA (YANZATZA)','LOS ENCUENTROS'),(1015,' ZAMORA CHINCHIPE',' EL PANGUI','EL PANGUI'),(1016,' ZAMORA CHINCHIPE',' EL PANGUI','EL GUISME'),(1017,' ZAMORA CHINCHIPE',' EL PANGUI','PACHICUTZA'),(1018,' ZAMORA CHINCHIPE',' EL PANGUI','TUNDAYME'),(1019,' ZAMORA CHINCHIPE',' CENTINELA DEL CONDOR','ZUMBI'),(1020,' ZAMORA CHINCHIPE','PALANDA','PALANDA'),(1021,' ZAMORA CHINCHIPE','PALANDA','EL PORVENIR DEL CARMEN'),(1022,' ZAMORA CHINCHIPE','PALANDA','SAN FRANCISCO DEL VERGEL'),(1023,' ZAMORA CHINCHIPE','PALANDA','VALLADOLID'),(1024,' ZAMORA CHINCHIPE','PALANDA','LA CANELA'),(1025,' ZAMORA CHINCHIPE','PAQUISHA','PAQUISHA'),(1026,' ZAMORA CHINCHIPE','PAQUISHA','BELLAVISTA'),(1027,' ZAMORA CHINCHIPE','PAQUISHA','NUEVO QUITO'),(1028,' GALAPAGOS',' SAN CRISTOBAL','PUERTO BAQUERIZO MORENO'),(1029,' GALAPAGOS',' SAN CRISTOBAL','EL PROGRESO'),(1030,' GALAPAGOS',' SAN CRISTOBAL','ISLA SANTA MARIA (FLOREANA) (CAB. EN  PTO. VELASCO IBARRA)'),(1031,' GALAPAGOS',' ISABELA','PUERTO VILLAMIL'),(1032,' GALAPAGOS',' ISABELA','TOMAS DE BERLANGA (SANTO TOMAS)'),(1033,' GALAPAGOS',' SANTA CRUZ','PUERTO AYORA'),(1034,' GALAPAGOS',' SANTA CRUZ','BELLAVISTA'),(1035,' GALAPAGOS',' SANTA CRUZ','SANTA ROSA (INCLUYE LA ISLA BALTRA)'),(1036,'SUCUMBIOS',' LAGO AGRIO','NUEVA LOJA'),(1037,'SUCUMBIOS',' LAGO AGRIO','DURENO'),(1038,'SUCUMBIOS',' LAGO AGRIO','GENERAL FARFAN'),(1039,'SUCUMBIOS',' LAGO AGRIO','EL ENO'),(1040,'SUCUMBIOS',' LAGO AGRIO','PACAYACU'),(1041,'SUCUMBIOS',' LAGO AGRIO','JAMBELI'),(1042,'SUCUMBIOS',' LAGO AGRIO','SANTA CECILIA'),(1043,'SUCUMBIOS',' GONZALO PIZARRO','LUMBAQUI'),(1044,'SUCUMBIOS',' GONZALO PIZARRO','EL REVENTADOR'),(1045,'SUCUMBIOS',' GONZALO PIZARRO','GONZALO PIZARRO'),(1046,'SUCUMBIOS',' GONZALO PIZARRO','PUERTO LIBRE'),(1047,'SUCUMBIOS',' PUTUMAYO','PUERTO EL CARMEN DEL PUTUMAYO'),(1048,'SUCUMBIOS',' PUTUMAYO','PALMA ROJA'),(1049,'SUCUMBIOS',' PUTUMAYO','PUERTO BOLIVAR (PUERTO MONTUFAR)'),(1050,'SUCUMBIOS',' PUTUMAYO','PUERTO RODRIGUEZ'),(1051,'SUCUMBIOS',' PUTUMAYO','SANTA ELENA'),(1052,'SUCUMBIOS','SHUSHUFINDI','SHUSHUFINDI'),(1053,'SUCUMBIOS','SHUSHUFINDI','LIMONCOCHA'),(1054,'SUCUMBIOS','SHUSHUFINDI','PAÑACOCHA'),(1055,'SUCUMBIOS','SHUSHUFINDI','SAN ROQUE (CAB. EN SAN VICENTE)'),(1056,'SUCUMBIOS','SHUSHUFINDI','SAN PEDRO DE LOS COFANES'),(1057,'SUCUMBIOS','SHUSHUFINDI','SIETE DE JULIO'),(1058,'SUCUMBIOS',' SUCUMBIOS','LA BONITA'),(1059,'SUCUMBIOS',' SUCUMBIOS','EL PLAYON DE SAN FRANCISCO'),(1060,'SUCUMBIOS',' SUCUMBIOS','LA SOFIA'),(1061,'SUCUMBIOS',' SUCUMBIOS','ROSA FLORIDA'),(1062,'SUCUMBIOS',' SUCUMBIOS','SANTA BARBARA'),(1063,'SUCUMBIOS','CASCALES','EL DORADO DE CASCALES'),(1064,'SUCUMBIOS','CASCALES','SANTA ROSA DE SUCUMBIOS'),(1065,'SUCUMBIOS','CASCALES','SEVILLA'),(1066,'SUCUMBIOS','CUYABENO','TARAPOA'),(1067,'SUCUMBIOS','CUYABENO','CUYABENO'),(1068,'SUCUMBIOS','CUYABENO','AGUAS NEGRAS'),(1069,' ORELLANA','ORELLANA','PUERTO FRANCISCO DE ORELLANA (EL COCA)'),(1070,' ORELLANA','ORELLANA','DAYUMA'),(1071,' ORELLANA','ORELLANA','TARACOA (CAB. EN NUEVA ESPERANZA: YUCA)'),(1072,' ORELLANA','ORELLANA','ALEJANDRO LABAKA'),(1073,' ORELLANA','ORELLANA','EL DORADO'),(1074,' ORELLANA','ORELLANA','EL EDEN'),(1075,' ORELLANA','ORELLANA','GARCIA MORENO'),(1076,' ORELLANA','ORELLANA','INES ARANGO (CAB. EN WESTERN)'),(1077,' ORELLANA','ORELLANA','LA BELLEZA'),(1078,' ORELLANA','ORELLANA','NUEVO PARAISO (CAB. EN UNIÓN CHIMBORAZO)'),(1079,' ORELLANA','ORELLANA','SAN JOSE DE GUAYUSA'),(1080,' ORELLANA','ORELLANA','SAN LUIS DE ARMENIA'),(1081,' ORELLANA','AGUARICO','NUEVO ROCAFUERTE'),(1082,' ORELLANA','AGUARICO','CAPITAN AUGUSTO RIVADENEYRA'),(1083,' ORELLANA','AGUARICO','CONONACO'),(1084,' ORELLANA','AGUARICO','SANTA MARIA DE HUIRIRIMA'),(1085,' ORELLANA','AGUARICO','TIPUTINI'),(1086,' ORELLANA','AGUARICO','YASUNI'),(1087,' ORELLANA',' LA JOYA DE LOS SACHAS','LA JOYA DE LOS SACHAS'),(1088,' ORELLANA',' LA JOYA DE LOS SACHAS','ENOKANQUI'),(1089,' ORELLANA',' LA JOYA DE LOS SACHAS','POMPEYA'),(1090,' ORELLANA',' LA JOYA DE LOS SACHAS','SAN CARLOS'),(1091,' ORELLANA',' LA JOYA DE LOS SACHAS','SAN SEBASTIAN DEL COCA'),(1092,' ORELLANA',' LA JOYA DE LOS SACHAS','LAGO SAN PEDRO'),(1093,' ORELLANA',' LA JOYA DE LOS SACHAS','RUMIPAMBA'),(1094,' ORELLANA',' LA JOYA DE LOS SACHAS','TRES DE NOVIEMBRE'),(1095,' ORELLANA',' LA JOYA DE LOS SACHAS','UNION MILAGREÑA'),(1096,' ORELLANA',' LORETO','LORETO'),(1097,' ORELLANA',' LORETO','AVILA (CAB. EN HUIRUNO)'),(1098,' ORELLANA',' LORETO','PUERTO MURIALDO'),(1099,' ORELLANA',' LORETO','SAN JOSE DE PAYAMINO'),(1100,' ORELLANA',' LORETO','SAN JOSE DE DAHUANO'),(1101,' ORELLANA',' LORETO','SAN VICENTE DE HUATICOCHA'),(1102,'SANTO DOMINGO DE LOS TSACHILAS','SANTO DOMINGO','SANTO DOMINGO DE LOS COLORADOS'),(1103,'SANTO DOMINGO DE LOS TSACHILAS','SANTO DOMINGO','ALLURIQUIN'),(1104,'SANTO DOMINGO DE LOS TSACHILAS','SANTO DOMINGO','PUERTO LIMON'),(1105,'SANTO DOMINGO DE LOS TSACHILAS','SANTO DOMINGO','LUZ DE AMERICA'),(1106,'SANTO DOMINGO DE LOS TSACHILAS','SANTO DOMINGO','SAN JACINTO DEL BUA'),(1107,'SANTO DOMINGO DE LOS TSACHILAS','SANTO DOMINGO','VALLE HERMOSO'),(1108,'SANTO DOMINGO DE LOS TSACHILAS','SANTO DOMINGO','EL ESFUERZO'),(1109,'SANTO DOMINGO DE LOS TSACHILAS','SANTO DOMINGO','SANTA MARIA DEL TOACHI'),(1110,'SANTA ELENA',' SANTA ELENA','SANTA ELENA'),(1111,'SANTA ELENA',' SANTA ELENA','ATAHUALPA'),(1112,'SANTA ELENA',' SANTA ELENA','COLONCHE'),(1113,'SANTA ELENA',' SANTA ELENA','CHANDUY'),(1114,'SANTA ELENA',' SANTA ELENA','MANGLARALTO'),(1115,'SANTA ELENA',' SANTA ELENA','SIMON BOLIVAR (JULIO MORENO)'),(1116,'SANTA ELENA',' SANTA ELENA','SAN JOSE DE ANCON'),(1117,'SANTA ELENA',' LA LIBERTAD','LA LIBERTAD'),(1118,'SANTA ELENA','SALINAS','SALINAS'),(1119,'SANTA ELENA','SALINAS','ANCONCITO'),(1120,'SANTA ELENA','SALINAS','JOSE LUIS TAMAYO (MUEY)'),(1121,'ZONAS NO DELIMITADAS','ZONAS NO DELIMITADAS','LAS GOLONDRINAS'),(1122,'ZONAS NO DELIMITADAS','ZONAS NO DELIMITADAS','MANGA DEL CURA'),(1123,'ZONAS NO DELIMITADAS','ZONAS NO DELIMITADAS','EL PIEDRERO');
/*!40000 ALTER TABLE `direccion` ENABLE KEYS */;
UNLOCK TABLES;
/*!40103 SET TIME_ZONE=@OLD_TIME_ZONE */;

/*!40101 SET SQL_MODE=@OLD_SQL_MODE */;
/*!40014 SET FOREIGN_KEY_CHECKS=@OLD_FOREIGN_KEY_CHECKS */;
/*!40014 SET UNIQUE_CHECKS=@OLD_UNIQUE_CHECKS */;
/*!40101 SET CHARACTER_SET_CLIENT=@OLD_CHARACTER_SET_CLIENT */;
/*!40101 SET CHARACTER_SET_RESULTS=@OLD_CHARACTER_SET_RESULTS */;
/*!40101 SET COLLATION_CONNECTION=@OLD_COLLATION_CONNECTION */;
/*!40111 SET SQL_NOTES=@OLD_SQL_NOTES */;

-- Dump completed on 2023-07-28  0:51:06
